URL;Платформа;Тип;Источников;Instagram сигналы;Взаимность сигналы;Service сигналы;Релевантно;Confidence;Где найдено
https://t.me/apkpurechannel;telegram;community;2;instagram, инстаграм, инста, insta;-;-;NO;low;https://apkpure.net/ru/instagram-app/com.instagram.android | https://apkpure.net/ru/instagram-app/com.instagram.android/download
https://t.me/apphunter_ru;telegram;community;2;instagram, инстаграм, инста, insta;-;-;NO;low;https://apkpure.net/ru/instagram-app/com.instagram.android | https://apkpure.net/ru/instagram-app/com.instagram.android/download
https://t.me/dnative/711;telegram;community;1;instagram, инстаграм, инста, insta;-;smm;NO;low;https://ru.ruwiki.ru/wiki/Instagram
https://t.me/iMeLimeНовости:;telegram;community;1;instagram, insta;-;-;NO;low;https://play.google.com/store/apps/details?id=com.instagram.android&hl=ru
https://t.me/iMeMessengerОбсуждения:;telegram;community;1;instagram, insta;-;-;NO;low;https://play.google.com/store/apps/details?id=com.instagram.android&hl=ru
https://t.me/iMe_aiГруппа;telegram;community;1;instagram, insta;-;-;NO;low;https://play.google.com/store/apps/details?id=com.instagram.android&hl=ru
https://t.me/iklife;telegram;community;1;instagram, инстаграм, инста, insta;-;-;NO;low;https://iklife.ru/socialnye-seti/instagram/chto-takoe-instagram-i-zachem-on-nuzhen
https://t.me/ime_ru;telegram;community;1;instagram, insta;-;-;NO;low;https://play.google.com/store/apps/details?id=com.instagram.android&hl=ru
https://t.me/ruwikiofficial;telegram;community;1;instagram, инстаграм, инста, insta;-;-;NO;low;https://ru.ruwiki.ru/wiki/Instagram
